<?xml version="1.0" encoding="UTF-8"?>
<serviceTemplates syntaxversion="2.1.0.0" xmlns="http://www.n-able.com"
    xmlns:xsi="http://www.w3.org/2001/XMLSchema-instance" xsi:schemaLocation="http://www.n-able.com file:///servicetemplate_v2_1_0_0.xsd">
    <serviceTemplate id="-1" version="2.1.0.0">
        <name>EFI Volume Info (Laptops)</name>
        <description/>
        <deviceClass>Laptop - Windows</deviceClass>
        <removesServices>false</removesServices>
        <services>
            <service autoReapply="false" id="1279588"
                isCustomService="true" name="EFI Volume Info">
                <configurationName>EFI Volume Info</configurationName>
                <action actionId="2"/>
                <parameters>
                    <parameter key="scan_interval"
                        parameterId="250922227" type="2"
                        useAssetInfo="false" useDefaultValue="true" value="0 0/10 * * * ? *"/>
                    <parameter key="serviceIdentifier"
                        parameterId="1665916320" type="2"
                        useAssetInfo="false" useDefaultValue="true" value=""/>
                </parameters>
                <thresholds>
                    <threshold detailName="SD1279588_FreeSize"
                        monitoringType="Default" taskState="3"
                        valueHigh="9223372036854775807"
                        valueLow="262144000" valueString="" valueStringEval=""/>
                    <threshold detailName="SD1279588_FreeSize"
                        monitoringType="Default" taskState="4"
                        valueHigh="-1" valueLow="-9223372036854775808"
                        valueString="" valueStringEval=""/>
                    <threshold detailName="SD1279588_FreeSize"
                        monitoringType="Default" taskState="5"
                        valueHigh="262143999" valueLow="0"
                        valueString="" valueStringEval=""/>
                    <threshold detailName="SD1279588_TotalSize"
                        monitoringType="Default" taskState="3"
                        valueHigh="9223372036854775807"
                        valueLow="314572800" valueString="" valueStringEval=""/>
                    <threshold detailName="SD1279588_TotalSize"
                        monitoringType="Default" taskState="4"
                        valueHigh="-1" valueLow="-9223372036854775808"
                        valueString="" valueStringEval=""/>
                    <threshold detailName="SD1279588_TotalSize"
                        monitoringType="Default" taskState="5"
                        valueHigh="314572799" valueLow="0"
                        valueString="" valueStringEval=""/>
                </thresholds>
                <selfHealing>
                    <selfHealingProperty
                        key="retryMonitoringBeforeSelfHeal" value="false"/>
                    <selfHealingProperty key="executeSelfHeal" value="false"/>
                    <selfHealingProperty
                        key="retryMonitoringIntervalAfterSelfHeal" value="10"/>
                    <selfHealingProperty
                        key="retryMonitoringCountAfterSelfHeal" value="3"/>
                    <selfHealingProperty key="selectedAutomationPolicy" value=""/>
                    <selfHealingProperty key="notificationType" value="FollowStandardNotificationRules"/>
                    <selfHealingProperty
                        key="retryMonitoringCountBeforeSelfHeal" value="3"/>
                    <selfHealingProperty key="waitIntervalAfterSelfHeal" value="3"/>
                    <selfHealingProperty key="selectedStatuses" value=""/>
                    <selfHealingProperty
                        key="retryMonitoringIntervalBeforeSelfHeal" value="10"/>
                </selfHealing>
            </service>
        </services>
    </serviceTemplate>
</serviceTemplates>
